,open time,open,high,low,close,volume,close time,quote_asset_volume,number of trades,taker_buy_base_asset_volume,taker_buy_quote_asset_volume,unused field
0,1627430400000,312.45,327.82,303.32,313.51,13162.01,1627516799999,4129323.9973,17961,5827.84,1830094.2276,0
1,1627516800000,313.48,320.38,308.11,316.8,14687.66,1627603199999,4608089.9032,26957,6893.57,2163297.8487,0
2,1627603200000,316.83,325.56,306.01,322.32,22630.5,1627689599999,7124167.1802,30493,10279.38,3238606.0492,0
3,1627689600000,322.5,338.46,317.5,332.08,22847.02,1627775999999,7532240.7685,32860,11595.94,3824484.9073,0
4,1627776000000,332.08,347.93,328.6,332.6,31533.99,1627862399999,10695780.3727,43562,14710.37,4993546.0208,0
5,1627862400000,332.52,338.11,326.4,330.6,32558.34,1627948799999,10803743.8234,39936,14460.69,4800148.8359,0
6,1627948800000,330.5,334.45,317.1,323.29,29774.15,1628035199999,9634673.3943,35248,13746.39,4445758.9101,0
7,1628035200000,323.3,337.13,319.72,334.82,27324.42,1628121599999,8963046.1994,28841,14046.07,4606093.0994,0
8,1628121600000,334.71,340.0,323.5,337.91,37381.3,1628207999999,12399530.631,48062,17403.39,5778088.2814,0
9,1628208000000,337.94,347.26,331.0,342.11,35025.35,1628294399999,11879859.1391,53880,17337.23,5882404.8494,0
10,1628294400000,342.11,359.87,340.3,356.29,43455.59,1628380799999,15261460.9237,55499,19748.72,6932199.2705,0
11,1628380800000,356.28,359.91,337.0,341.77,42869.88,1628467199999,14970394.6363,55485,20319.56,7097349.0268,0
12,1628467200000,341.97,357.56,333.38,354.54,38558.54,1628553599999,13489287.9188,49601,18440.11,6448503.9916,0
13,1628553600000,354.48,376.57,348.71,371.98,53514.96,1628639999999,19499699.4767,55098,26697.69,9735585.0505,0
14,1628640000000,372.06,409.2,371.4,391.46,83785.47,1628726399999,32885006.0305,61444,40685.82,15976479.8621,0
15,1628726400000,391.42,407.17,372.09,385.91,98343.7,1628812799999,38032323.1532,59837,46561.03,17997896.5988,0
16,1628812800000,385.97,412.0,383.05,411.32,84697.4,1628899199999,33884637.9846,63726,41770.55,16713376.8164,0
17,1628899200000,411.45,420.0,400.33,408.99,99558.97,1628985599999,40564152.3471,77212,40092.98,16365202.2723,0
18,1628985600000,409.03,415.29,396.75,414.44,61525.11,1629071999999,24897654.8435,66988,28643.54,11598405.8736,0
19,1629072000000,414.4,437.94,411.3,415.94,104769.11,1629158399999,44395235.1205,87455,56206.68,23835623.7817,0
20,1629158400000,415.94,436.17,398.85,401.94,138551.59,1629244799999,58235927.1637,140249,68815.04,28929985.3208,0
21,1629244800000,402.0,412.3,385.15,396.21,167302.83,1629331199999,66794642.65,130942,85561.94,34174330.4358,0
22,1629331200000,396.26,431.96,391.22,431.4,162975.2,1629417599999,66795211.638,119267,83988.92,34450045.4277,0
23,1629417600000,431.44,458.23,422.0,455.14,127333.01,1629503999999,55939998.7021,95293,65295.28,28694694.6189,0
24,1629504000000,455.25,460.53,445.17,449.13,142040.41,1629590399999,64316328.6286,130187,71261.7,32270744.1168,0
25,1629590400000,449.12,458.58,437.78,448.92,125842.31,1629676799999,56428070.0327,112860,63278.39,28398330.2962,0
26,1629676800000,449.01,510.57,447.15,499.5,302170.91,1629763199999,148535079.687,204213,149622.42,73492378.0888,0
27,1629763200000,499.5,504.91,461.42,472.28,258304.42,1629849599999,124502639.2479,182108,127957.44,61698528.4787,0
28,1629849600000,472.21,507.43,470.62,503.49,252632.06,1629935999999,123668960.7814,198103,123769.49,60586530.649,0
29,1629936000000,503.43,519.33,472.03,478.32,331791.45,1630022399999,161938372.4571,252107,158894.19,77589458.0671,0
30,1630022400000,478.41,495.3,467.7,494.93,216522.66,1630108799999,104634512.9849,180647,101165.79,48909106.271,0
31,1630108800000,495.01,497.56,483.52,486.74,107929.8,1630195199999,52684342.7463,96062,52081.89,25428214.8841,0
32,1630195200000,486.74,496.0,476.57,480.27,118128.0,1630281599999,57392299.2966,106289,54788.57,26632732.2509,0
33,1630281600000,480.27,481.6,457.46,460.5,148745.86,1630367999999,70356774.7476,121244,67585.47,31981159.1621,0
34,1630368000000,460.43,477.85,452.33,464.63,213337.15,1630454399999,99311514.5796,165345,103342.48,48114928.2399,0
35,1630454400000,464.61,490.5,456.0,489.64,180407.01,1630540799999,85814945.6888,137069,88041.58,41861533.6869,0
36,1630540800000,489.63,505.3,478.78,484.3,186369.43,1630627199999,91419242.7153,136134,89446.66,43879850.273,0
37,1630627200000,484.32,494.89,473.9,488.93,140944.23,1630713599999,68672390.7594,114221,66879.11,32587649.4933,0
38,1630713600000,489.04,511.22,486.24,498.59,158827.71,1630799999999,79044936.0357,138608,74805.41,37228495.9722,0
39,1630800000000,498.66,506.42,489.0,505.7,106370.16,1630886399999,52927810.441,98120,51452.98,25604782.2975,0
40,1630886400000,505.69,509.97,489.0,496.51,132991.46,1630972799999,66456661.7154,119680,62157.91,31059345.4079,0
41,1630972800000,496.52,505.61,354.16,418.56,355938.12,1631059199999,158535390.741,269207,158193.98,70491251.9455,0
42,1631059200000,418.6,425.31,382.24,414.98,224547.02,1631145599999,91950473.7551,144401,108866.74,44597620.2816,0
43,1631145600000,414.99,436.6,403.98,421.35,171140.74,1631231999999,71467671.8736,142579,85847.32,35870474.9017,0
44,1631232000000,421.35,439.62,393.84,401.45,184729.66,1631318399999,76287725.0728,133679,89193.9,36874137.9208,0
45,1631318400000,401.48,415.28,399.65,405.17,120387.12,1631404799999,49101498.8384,91269,59260.64,24174502.7587,0
46,1631404800000,405.26,421.5,398.01,416.45,105490.95,1631491199999,43477153.3646,82604,49141.8,20263311.0567,0
47,1631491200000,416.45,419.72,382.75,399.18,149497.7,1631577599999,59522097.1142,146398,69502.62,27678530.164,0
48,1631577600000,399.15,414.51,396.09,414.38,108647.69,1631663999999,43919723.6576,118495,52400.04,21191597.9103,0
49,1631664000000,414.38,436.46,410.29,431.3,145040.52,1631750399999,61758003.3127,112330,72218.98,30751731.9815,0
50,1631750400000,431.28,433.22,416.17,424.57,160824.0,1631836799999,68538393.7452,128849,78072.05,33273760.0315,0
51,1631836800000,424.58,426.29,401.0,407.11,152251.62,1631923199999,62900515.0236,129221,70851.81,29267660.5626,0
52,1631923200000,407.12,420.31,402.1,411.0,92443.53,1632009599999,38229446.228,94923,43414.38,17952651.712,0
53,1632009600000,410.97,419.31,403.62,409.02,119394.59,1632095999999,49177163.1623,106134,56970.58,23468994.1458,0
54,1632096000000,409.05,410.3,353.96,364.23,305915.39,1632182399999,115410844.7622,212304,145609.8,54892191.3862,0
55,1632182400000,364.29,375.78,336.36,344.43,263328.67,1632268799999,94577388.478,216096,129509.31,46543991.4065,0
56,1632268800000,344.43,379.76,342.29,379.05,189708.8,1632355199999,68837044.7504,140844,95613.81,34709762.7311,0
57,1632355200000,379.05,384.51,369.12,383.5,169051.52,1632441599999,63907419.9946,119958,85051.27,32156504.9755,0
58,1632441600000,383.49,385.18,333.71,355.17,348456.93,1632527999999,123733658.066,184152,167800.11,59588288.7051,0
59,1632528000000,355.17,360.97,343.7,349.68,165220.67,1632614399999,58133221.8764,116380,79635.29,28018861.7797,0
60,1632614400000,349.62,352.62,319.27,343.98,283316.34,1632700799999,96166110.0259,164493,138144.26,46905870.2066,0
61,1632700800000,344.01,357.61,335.07,335.3,182823.96,1632787199999,63466179.1412,138800,92281.25,32039796.376,0
62,1632787200000,335.27,344.48,329.75,332.91,204006.86,1632873599999,68757784.8198,152372,106249.85,35811128.4169,0
63,1632873600000,332.88,374.87,331.27,366.68,367626.0,1632959999999,132901266.9713,183683,186760.36,67502930.6257,0
64,1632960000000,366.66,388.3,365.31,387.0,300821.42,1633046399999,113633609.4517,144455,149886.79,56612911.119,0
65,1633046400000,387.0,422.7,380.9,421.17,364785.3,1633132799999,147871397.1071,166499,179833.86,72872715.4724,0
66,1633132800000,421.16,438.14,410.55,426.82,299974.19,1633219199999,127498748.9051,140196,148316.41,63033501.3695,0
67,1633219200000,426.82,436.85,421.32,430.16,336707.7,1633305599999,144445935.3138,141662,166012.4,71218000.3576,0
68,1633305600000,430.15,430.32,410.86,426.22,354286.31,1633391999999,149154002.2041,173649,175772.72,74003021.3765,0
69,1633392000000,426.22,443.94,423.77,441.89,301552.41,1633478399999,131358618.0046,143016,152122.66,66268783.4596,0
70,1633478400000,441.96,442.46,414.61,434.67,343162.92,1633564799999,148234631.4297,178572,169603.62,73252334.1726,0
71,1633564800000,434.68,450.64,423.12,438.35,352051.0,1633651199999,154758660.0836,188839,173796.53,76397037.6513,0
72,1633651200000,438.33,441.66,416.13,419.43,405611.02,1633737599999,173736500.6839,177418,199281.82,85332908.7788,0
73,1633737600000,419.46,426.15,416.28,422.29,284530.66,1633823999999,120226166.1795,106863,139402.62,58898296.3758,0
74,1633824000000,422.34,422.55,402.0,404.24,321815.04,1633910399999,133885627.202,134107,153930.22,64047182.5318,0
75,1633910400000,404.21,424.41,400.16,413.41,322564.17,1633996799999,133746280.7448,122819,158279.01,65619243.4793,0
76,1633996800000,413.43,444.94,392.53,444.58,731192.32,1634083199999,307428524.4304,285894,361372.53,151983307.6397,0
77,1634083200000,444.57,471.58,432.93,470.29,859901.4,1634169599999,391799293.6029,369950,423475.27,192932187.4508,0
78,1634169600000,470.31,482.31,459.7,472.2,384831.55,1634255999999,181538837.736,187464,190462.01,89854895.552,0
79,1634256000000,472.11,477.35,451.8,474.13,707272.72,1634342399999,328926069.1105,242895,348504.49,162084035.7133,0
80,1634342400000,474.12,484.78,460.0,465.06,301276.64,1634428799999,142293011.5356,156944,143761.0,67919000.5329,0
81,1634428800000,465.09,471.24,452.71,470.73,283002.59,1634515199999,131586327.6401,140931,139012.37,64642191.9914,0
82,1634515200000,470.73,487.48,465.79,484.53,347395.55,1634601599999,164963336.4281,172522,167119.3,79360904.2507,0
83,1634601600000,484.52,497.38,478.2,487.13,278389.25,1634687999999,135687863.0985,156376,131500.24,64088977.9199,0
84,1634688000000,487.13,506.3,479.67,500.86,250106.67,1634774399999,123541308.2175,130967,120249.23,59414046.3656,0
85,1634774400000,500.8,505.32,465.0,471.46,455427.36,1634860799999,221718061.29,229814,225472.05,109791492.5833,0
86,1634860800000,471.42,498.6,471.41,479.71,354070.51,1634947199999,171618968.4409,171069,177119.6,85834206.3457,0
87,1634947200000,479.7,486.16,473.1,486.05,168706.41,1635033599999,81154020.0317,94991,85391.98,41081252.532,0
88,1635033600000,486.05,486.9,468.22,476.25,188044.29,1635119999999,89687751.1972,111540,92932.76,44321196.5425,0
89,1635120000000,476.26,488.94,475.35,485.28,158106.75,1635206399999,76505007.8347,93950,76536.81,37031236.51,0
90,1635206400000,485.28,490.34,473.9,478.37,202604.92,1635292799999,98067145.3309,119684,98071.36,47476363.7797,0
91,1635292800000,478.42,486.76,426.8,448.79,398312.1,1635379199999,183349687.385,208182,192590.69,88632328.7828,0
92,1635379200000,448.85,495.07,446.68,492.15,335612.71,1635465599999,159780140.7569,199658,166727.29,79382743.1925,0
93,1635465600000,492.14,534.11,487.48,530.59,379864.0,1635551999999,193465689.2824,202065,191182.99,97390569.7413,0
94,1635552000000,530.6,541.08,510.73,528.72,296979.87,1635638399999,156115125.8726,168501,143461.28,75422072.8142,0
95,1635638400000,528.81,535.17,508.73,524.6,291063.56,1635724799999,151847761.1192,194228,140326.28,73216627.5133,0
96,1635724800000,524.61,552.05,511.0,551.25,357894.41,1635811199999,190743887.1141,219538,182954.65,97525211.5175,0
97,1635811200000,551.25,564.01,537.59,554.71,228453.16,1635897599999,126032373.8667,161662,119540.94,65952429.0576,0
98,1635897600000,554.73,569.98,537.41,568.38,257102.4,1635983999999,142161882.7223,186081,129913.39,71847560.1063,0
99,1635984000000,568.46,568.78,544.11,559.02,236671.83,1636070399999,131362991.6177,161430,118501.67,65760898.3367,0
100,1636070400000,559.03,617.13,554.79,606.7,449640.64,1636156799999,268503660.9145,281446,228169.6,136230708.9722,0
101,1636156800000,606.7,638.68,595.39,637.88,302263.68,1636243199999,185335661.759,235141,151266.33,92768668.1139,0
102,1636243200000,637.88,669.63,630.52,649.54,383349.2,1636329599999,251555645.8514,375762,188220.85,123475755.9672,0
103,1636329600000,649.56,655.81,632.14,653.58,307932.79,1636415999999,198391853.9784,347775,151829.6,97807436.3188,0
104,1636416000000,653.55,656.7,632.33,635.31,231975.17,1636502399999,149374900.1132,190686,114522.45,73747560.546,0
105,1636502400000,635.32,662.79,567.45,614.45,542600.78,1636588799999,342258883.8304,373793,259083.49,163470402.376,0
106,1636588800000,614.45,635.23,605.75,628.5,199230.51,1636675199999,124210485.4241,190552,96632.88,60239757.1399,0
107,1636675200000,628.49,634.52,602.63,626.42,283894.21,1636761599999,175687793.5554,235768,138904.68,85959668.673,0
108,1636761600000,626.4,654.38,619.24,648.38,227451.69,1636847999999,145279596.6396,162943,107724.39,68774034.8175,0
109,1636848000000,648.41,660.0,634.18,650.3,280351.83,1636934399999,181664108.0868,188151,137104.05,88853239.4324,0
110,1636934400000,650.34,659.17,630.22,633.55,222600.87,1637020799999,143530963.7118,162473,108806.64,70160749.1025,0
111,1637020800000,633.53,634.42,571.11,589.23,564649.48,1637107199999,338936845.0099,449532,284054.74,170424731.7098,0
112,1637107200000,589.14,593.09,554.36,578.51,299265.45,1637193599999,171821081.437,226298,147766.41,84842141.3341,0
113,1637193600000,578.43,588.5,517.12,532.34,378141.3,1637279999999,209385026.7108,283400,188250.44,104234022.8762,0
114,1637280000000,532.41,585.91,524.61,581.26,283316.19,1637366399999,158305302.3679,184737,139434.89,77870514.5982,0
115,1637366400000,581.31,605.2,573.44,604.83,223648.66,1637452799999,131359222.1288,136212,110543.22,64929993.1513,0
116,1637452800000,604.93,605.76,580.65,584.62,189527.23,1637539199999,111991712.1668,123905,91910.58,54308900.1459,0
117,1637539200000,584.64,585.83,554.35,560.03,277261.68,1637625599999,158030599.5972,195563,135401.51,77169707.5722,0
118,1637625600000,559.95,605.61,558.31,591.38,337470.95,1637711999999,196750159.788,194320,162738.83,94856156.6113,0
119,1637712000000,591.44,594.82,577.35,590.59,284934.11,1637798399999,167117870.6541,154512,135649.17,79564694.7806,0
120,1637798400000,590.55,647.46,587.67,639.58,358571.89,1637884799999,223621628.7954,202471,177405.2,110630780.9102,0
121,1637884800000,639.62,659.25,564.93,587.65,573093.25,1637971199999,344176368.7416,361467,284120.01,170590785.9795,0
122,1637971200000,587.6,621.38,584.36,600.5,252636.47,1638057599999,152209572.6911,170777,126975.08,76478346.5181,0
123,1638057600000,600.43,613.08,572.15,611.5,352535.99,1638143999999,208647733.9955,228804,174086.08,103034102.4881,0
124,1638144000000,611.65,629.68,602.51,624.24,260695.33,1638230399999,160858846.6239,187306,130036.75,80249742.1728,0
125,1638230400000,624.26,635.36,604.05,622.71,339458.49,1638316799999,211028441.5445,272654,167767.1,104302207.4163,0
126,1638316800000,622.76,650.41,619.51,627.75,276334.82,1638403199999,175711158.3043,219470,136740.41,86937309.623,0
127,1638403200000,627.79,631.21,606.07,620.54,230837.18,1638489599999,143354147.7089,196763,112927.94,70125923.8076,0
128,1638489600000,620.53,628.4,573.19,595.44,253519.0,1638575999999,153763427.5661,211485,122558.35,74348130.5082,0
129,1638576000000,595.39,596.26,485.03,568.67,461792.0,1638662399999,251634561.8047,374495,223654.28,121936263.2821,0
130,1638662400000,568.63,582.21,542.11,558.33,215033.9,1638748799999,120834658.2707,190662,105512.95,59287015.7535,0
131,1638748800000,558.22,592.98,533.64,587.47,302099.96,1638835199999,168495349.0272,271994,147630.84,82301747.0927,0
132,1638835200000,587.37,592.87,572.12,578.63,176610.3,1638921599999,103146400.602,173343,83976.84,49052143.7175,0
133,1638921600000,578.79,607.5,567.01,607.33,204179.15,1639007999999,119372941.3908,188725,103534.35,60550906.6472,0
134,1639008000000,607.4,617.02,567.63,570.12,188954.72,1639094399999,111701057.8292,183221,89821.92,53107150.5138,0
135,1639094400000,570.04,594.1,550.2,552.24,222307.2,1639180799999,127424095.793,217129,107604.31,61665330.1818,0
136,1639180800000,552.16,572.47,541.97,564.37,155132.05,1639267199999,86440010.8957,137872,78299.99,43627248.5002,0
137,1639267200000,564.38,574.48,559.05,569.99,106300.34,1639353599999,60118252.0266,96897,53917.56,30491311.1448,0
138,1639353600000,570.01,571.72,510.84,520.82,212407.79,1639439999999,114414215.898,204059,104745.27,56439971.2605,0
139,1639440000000,520.83,535.5,510.23,528.3,224318.65,1639526399999,117383626.041,194595,115336.19,60357903.2994,0
140,1639526400000,528.27,546.68,502.18,541.27,244326.16,1639612799999,128844550.5289,213920,122015.48,64326911.6608,0
141,1639612800000,541.3,545.59,525.06,526.12,157958.03,1639699199999,84764879.1289,135890,78139.46,41930359.8147,0
142,1639699200000,526.33,536.22,510.94,525.7,208410.54,1639785599999,109617544.3156,202576,101941.7,53622719.5118,0
143,1639785600000,525.79,538.02,516.87,534.17,142236.22,1639871999999,75241441.2206,136175,70337.22,37213604.4716,0
144,1639872000000,534.12,544.63,527.62,529.99,133304.56,1639958399999,71377618.7533,120606,64863.14,34729535.6191,0
145,1639958400000,529.95,535.24,506.53,524.0,168899.89,1640044799999,87673715.71,155393,79831.77,41445464.6156,0
146,1640044800000,524.02,536.24,517.55,528.81,127512.5,1640131199999,67341451.1997,104718,63019.03,33285570.0338,0
147,1640131200000,528.78,545.44,527.48,533.86,122966.44,1640217599999,65890534.9213,111593,59986.87,32145368.244,0
148,1640217600000,533.87,552.78,524.53,549.11,171945.04,1640303999999,92289449.4557,137472,84321.79,45258644.9521,0
149,1640304000000,549.11,554.64,537.38,542.37,131389.32,1640390399999,71825921.4049,106958,63475.3,34703144.9949,0
150,1640390400000,542.4,550.99,539.7,547.88,77414.4,1640476799999,42259320.6483,68278,38723.67,21138069.7821,0
151,1640476800000,547.93,549.49,536.28,546.78,96677.34,1640563199999,52602249.3699,76348,46742.0,25436650.0788,0
152,1640563200000,546.91,572.0,543.75,564.12,109443.09,1640649599999,61105688.9405,95542,54914.22,30645547.1948,0
153,1640649600000,564.08,564.2,528.41,534.42,154162.5,1640735999999,84308469.9572,159334,72524.8,39680477.6826,0
154,1640736000000,534.44,540.72,510.79,514.73,110580.75,1640822399999,58376224.3501,119163,52698.63,27825253.8812,0
155,1640822400000,514.66,527.7,508.05,518.59,100850.73,1640908799999,52321882.6199,96581,49492.25,25676772.5481,0
156,1640908800000,518.56,528.2,506.42,511.61,119245.73,1640995199999,61579105.0783,106495,56972.99,29427439.7441,0
157,1640995200000,511.72,528.09,511.72,527.58,64054.17,1641081599999,33271687.4408,65808,30732.28,15965150.6394,0
158,1641081600000,527.58,534.03,518.41,531.07,64142.75,1641167999999,33757294.0075,63773,30911.83,16270279.4296,0
159,1641168000000,531.06,532.82,510.66,512.36,91316.56,1641254399999,47713256.9162,90916,42611.72,22260037.3867,0
160,1641254400000,512.49,520.19,502.5,506.96,114613.18,1641340799999,58660763.3844,104918,51188.51,26197376.7636,0
161,1641340800000,507.0,516.13,454.0,473.99,169408.12,1641427199999,83780310.5561,142724,77121.76,38178362.8518,0
162,1641427200000,474.07,481.47,458.91,472.52,158584.8,1641513599999,74383611.4531,124651,75788.34,35544152.1548,0
163,1641513600000,472.51,473.75,437.23,448.17,201034.79,1641599999999,90571240.7801,154539,96434.4,43424158.5395,0
164,1641600000000,448.19,459.55,415.92,429.72,168166.26,1641686399999,73936600.024,127123,80658.8,35423921.2685,0
165,1641686400000,429.73,444.08,426.93,438.31,122600.89,1641772799999,53276132.3679,80626,64733.66,28122254.4778,0
166,1641772800000,438.35,445.3,406.58,424.47,241581.57,1641859199999,102414652.2761,148940,121113.53,51369115.5521,0
167,1641859200000,424.54,467.24,421.25,463.05,190384.03,1641945599999,85625498.7341,135127,96603.16,43405174.8769,0
168,1641945600000,463.0,488.69,456.41,487.5,119206.55,1642031999999,56340059.4265,88919,63383.39,29934796.9731,0
169,1642032000000,487.49,488.51,466.23,474.77,142961.14,1642118399999,68300563.781,102308,72244.22,34525992.25,0
170,1642118400000,474.74,492.5,467.01,489.65,142620.79,1642204799999,68438792.4542,104840,70086.04,33642802.4055,0
171,1642204800000,489.63,500.46,484.59,494.1,101420.35,1642291199999,49968365.2494,75861,47788.4,23548063.6358,0
172,1642291200000,494.07,505.1,488.28,498.17,89550.73,1642377599999,44420692.7058,85567,43287.52,21475972.7684,0
173,1642377600000,498.21,498.43,467.01,474.96,136394.89,1642463999999,65491421.7304,116745,63854.98,30642557.4099,0
174,1642464000000,475.04,479.2,456.9,470.67,148438.44,1642550399999,69172188.0946,125264,73527.04,34256759.7711,0
175,1642550400000,470.76,472.58,453.5,461.71,133240.5,1642636799999,61922544.8827,106507,65172.66,30287840.265,0
176,1642636800000,461.75,478.39,438.39,440.25,223734.02,1642723199999,103919108.471,158170,112338.08,52204676.5793,0
177,1642723200000,440.08,444.67,373.56,383.76,341796.06,1642809599999,142005195.7435,279501,168378.64,69985671.4718,0
178,1642809600000,383.74,389.23,336.12,358.29,448765.34,1642895999999,162338221.8011,304743,223779.04,80922136.2802,0
179,1642896000000,358.41,388.98,356.33,384.03,242290.21,1642982399999,90821497.9947,160154,122616.17,45957193.5932,0
180,1642982400000,383.91,383.93,335.8,371.14,350779.62,1643068799999,124863677.9172,236438,175655.86,62543672.4384,0
181,1643068800000,371.14,388.0,357.44,385.01,236112.55,1643155199999,87681716.1195,143619,117935.48,43814030.4705,0
182,1643155200000,385.02,402.63,366.34,374.89,258091.23,1643241599999,99204078.9491,176687,124976.82,48046471.4229,0
183,1643241600000,374.91,392.93,358.67,389.44,286416.96,1643327999999,106366286.6402,165228,145898.65,54187588.9989,0
184,1643328000000,389.34,395.71,375.49,385.95,209443.13,1643414399999,80741944.6725,153745,104889.32,40439574.414,0
185,1643414400000,385.91,397.24,380.51,389.04,128886.02,1643500799999,50023131.22,98603,62782.47,24369046.2203,0
186,1643500800000,389.09,389.37,372.18,377.03,133487.75,1643587199999,50852283.1617,101789,64260.05,24481658.1995,0
187,1643587200000,377.0,385.14,365.02,374.56,145556.12,1643673599999,54674644.1061,120273,70903.72,26635559.3596,0
188,1643673600000,374.55,388.47,373.77,384.07,141809.18,1643759999999,54327322.6212,107928,69684.78,26696429.6998,0
189,1643760000000,384.14,386.1,366.22,367.04,145986.33,1643846399999,54947490.9356,112126,68815.95,25900363.8898,0
190,1643846400000,367.16,372.5,359.27,372.37,148591.48,1643932799999,54327672.8128,98608,73284.07,26796029.0096,0
191,1643932800000,372.31,399.74,369.45,399.4,178342.07,1644019199999,68299644.0521,122579,89854.55,34425743.4939,0
192,1644019200000,399.52,430.53,396.44,413.56,185825.96,1644105599999,77469641.0421,131759,91734.32,38230391.4811,0
193,1644105600000,413.58,421.59,406.97,419.95,133450.01,1644191999999,55383179.4443,102357,67206.86,27891151.7499,0
194,1644192000000,419.92,438.73,413.13,433.49,149283.6,1644278399999,64122744.1043,120608,75842.93,32573009.7806,0
195,1644278400000,433.44,445.48,406.64,408.26,236024.65,1644364799999,99957287.5117,159991,119227.91,50479226.3014,0
196,1644364800000,408.31,427.75,407.55,422.89,145944.74,1644451199999,61083288.9872,106492,74069.22,30994079.0785,0
197,1644451200000,422.83,435.28,409.87,414.68,287849.01,1644537599999,121638789.2067,176421,144856.41,61201687.9171,0
198,1644537600000,414.74,418.84,392.76,400.04,205986.91,1644623999999,84292401.3522,143828,101448.91,41504336.4316,0
199,1644624000000,400.03,407.22,393.48,403.63,140748.55,1644710399999,56393712.4751,92628,72047.91,28869766.362,0
200,1644710400000,403.67,407.7,394.75,398.0,94958.99,1644796799999,38166239.885,68386,46296.95,18610445.5674,0
201,1644796800000,398.09,404.59,390.64,403.43,136694.15,1644883199999,54380504.3091,83199,69568.88,27676648.7776,0
202,1644883200000,403.47,442.76,402.99,432.42,272685.81,1644969599999,116295480.2889,156744,134264.7,57238039.1847,0
203,1644969600000,432.42,433.64,422.25,427.19,151884.61,1645055999999,65120568.566,107658,70028.57,30025190.0556,0
204,1645056000000,427.19,430.93,399.88,402.29,169083.87,1645142399999,70293452.7649,128985,79808.91,33184098.8656,0
205,1645142400000,402.35,410.97,392.17,399.1,151245.75,1645228799999,60669085.6396,124466,72012.17,28886382.6235,0
206,1645228800000,399.1,406.35,393.0,399.57,91075.46,1645315199999,36437456.0046,84710,43425.88,17372185.0265,0
207,1645315200000,399.63,399.88,374.83,380.53,128615.86,1645401599999,49262392.6322,120185,59730.62,22863991.4806,0
208,1645401600000,380.54,393.5,354.84,356.64,252274.38,1645487999999,94700562.6997,212426,121385.8,45581310.2903,0
209,1645488000000,356.68,375.5,348.35,374.08,219898.55,1645574399999,79539917.4105,187452,110072.76,39818249.1944,0
210,1645574400000,374.09,384.25,365.33,365.64,155004.77,1645660799999,58299804.8255,142299,76375.86,28730434.391,0
211,1645660800000,365.69,370.74,323.07,361.08,414122.46,1645747199999,142433337.917,356222,206377.23,70985262.3897,0
212,1645747200000,361.08,377.3,356.68,374.82,163137.03,1645833599999,59659590.1873,173015,81761.41,29905799.7401,0
213,1645833600000,374.83,386.14,370.45,373.53,103314.47,1645919999999,38895693.3543,129813,50872.19,19162923.4571,0
214,1645920000000,373.54,381.28,358.1,360.16,161732.04,1646006399999,59710828.7882,175574,80526.51,29737116.9382,0
215,1646006400000,360.16,397.6,355.76,395.66,204529.3,1646092799999,76502786.9877,198213,100750.51,37695757.5939,0
216,1646092800000,395.65,425.77,391.02,408.66,308322.83,1646179199999,125408281.4943,271920,150562.61,61244705.7689,0
217,1646179200000,408.7,415.49,403.51,409.02,163306.38,1646265599999,66953222.7064,181411,77707.8,31861537.7168,0
218,1646265600000,409.1,412.89,397.3,402.27,156572.76,1646351999999,63413646.8009,146195,76266.47,30890863.2392,0
219,1646352000000,402.27,403.26,371.65,374.11,194716.42,1646438399999,75920046.7434,177081,93647.23,36524701.8957,0
220,1646438400000,374.11,387.12,366.83,384.49,111116.55,1646524799999,41936654.7914,106978,52498.2,19811669.7869,0
221,1646524800000,384.49,386.97,371.92,374.77,108691.61,1646611199999,41241170.6416,103809,51746.69,19631539.1444,0
222,1646611200000,374.75,385.34,362.45,380.25,207993.17,1646697599999,78139936.696,169393,101713.11,38218554.2844,0
223,1646697600000,380.21,388.5,376.72,381.16,165243.95,1646783999999,63222535.6921,151696,80764.17,30898123.5519,0
224,1646784000000,381.15,402.24,380.8,393.22,217396.86,1646870399999,85712642.1393,154215,111198.28,43824970.7656,0
225,1646870400000,393.22,394.44,363.11,371.89,163023.48,1646956799999,61095860.3996,142285,83785.74,31389669.2396,0
226,1646956800000,371.89,379.89,364.74,371.84,140427.36,1647043199999,52320043.7994,128782,72252.54,26925451.3977,0
227,1647043200000,371.84,379.03,370.95,372.24,90952.62,1647129599999,34175150.5699,83182,45287.91,17020450.3929,0
228,1647129600000,372.15,376.94,359.77,361.11,83996.75,1647215999999,31098506.8871,80884,39819.3,14753659.331,0
229,1647216000000,361.13,373.93,359.23,373.29,110115.25,1647302399999,40443776.9035,96016,54097.23,19877440.2993,0
230,1647302400000,373.28,374.64,361.68,371.52,95428.67,1647388799999,35158657.6511,90381,48032.53,17702649.5019,0
231,1647388800000,371.56,386.61,368.02,385.49,150046.79,1647475199999,56584943.087,148856,77886.83,29370978.4942,0
232,1647475200000,385.48,393.73,381.85,391.86,120271.86,1647561599999,46641311.5621,102709,60398.99,23422576.5794,0
233,1647561600000,391.86,400.48,384.0,397.2,111946.02,1647647999999,43769699.2569,97733,55981.09,21901783.0085,0
234,1647648000000,397.21,406.5,395.08,399.93,113231.24,1647734399999,45400582.3104,91032,58310.71,23383580.9905,0
235,1647734400000,399.94,400.96,386.42,390.95,94733.09,1647820799999,37270048.0242,90531,45168.02,17773124.0798,0
236,1647820800000,390.95,399.26,385.53,396.05,85553.88,1647907199999,33676497.5026,88533,43818.29,17251487.0572,0
237,1647907200000,396.05,410.2,395.05,404.29,119298.33,1647993599999,48341170.8818,94936,58681.27,23773788.761,0
238,1647993600000,404.28,411.83,398.15,408.41,107588.06,1648079999999,43496473.3075,93305,54268.13,21947043.0295,0
239,1648080000000,408.41,416.57,405.17,414.33,125517.59,1648166399999,51614564.1487,102353,62164.77,25562370.1106,0
240,1648166400000,414.3,421.66,405.58,410.27,123059.57,1648252799999,50937542.909,95310,59847.22,24783516.4814,0
241,1648252800000,410.27,416.3,407.62,415.94,69633.13,1648339199999,28742172.3488,55734,35428.82,14622678.0938,0
242,1648339200000,415.89,431.68,411.8,430.67,95907.91,1648425599999,40299864.0303,80088,48732.55,20478717.0235,0
243,1648425600000,430.62,441.26,428.0,430.5,162254.6,1648511999999,70567674.6474,107768,79325.1,34496385.4817,0
244,1648512000000,430.52,442.05,429.86,434.48,121211.37,1648598399999,52880809.0257,91556,57640.91,25143182.8807,0
245,1648598400000,434.4,449.79,425.6,442.25,122663.21,1648684799999,53877971.4779,101795,59364.33,26093638.8557,0
246,1648684800000,442.26,452.62,424.16,428.86,151372.05,1648771199999,66390585.5947,130884,74560.55,32701416.787,0
247,1648771200000,428.8,448.15,413.27,447.71,150501.83,1648857599999,64986953.9208,120288,75079.43,32456398.8476,0
248,1648857600000,447.69,454.33,435.8,437.32,111734.13,1648943999999,49859189.6887,102072,55071.65,24578578.9761,0
249,1648944000000,437.32,455.97,432.27,450.5,90370.29,1649030399999,40197284.9756,99819,47520.76,21138553.1463,0
250,1649030400000,450.49,450.62,433.58,447.53,112369.54,1649116799999,49875817.2567,117565,54657.12,24257704.1151,0
251,1649116800000,447.59,460.04,444.11,444.68,129531.75,1649203199999,58610914.2134,147144,62261.58,28174594.0837,0
252,1649203200000,444.68,444.73,418.21,420.02,171183.76,1649289599999,73812153.9133,192662,84302.7,36347194.8746,0
253,1649289600000,419.93,438.83,416.0,435.91,128787.21,1649375999999,55372560.2221,140266,65701.79,28252490.7927,0
254,1649376000000,435.9,441.0,418.33,421.42,135526.36,1649462399999,58295699.4183,140007,67242.5,28917635.7033,0
255,1649462400000,421.37,427.95,419.69,426.61,75196.91,1649548799999,31873836.416,76627,37466.66,15881408.2113,0
256,1649548800000,426.62,429.6,416.85,417.85,81968.48,1649635199999,34754840.6128,73766,40421.9,17140263.7344,0
257,1649635200000,417.88,419.56,391.06,394.23,205883.37,1649721599999,83515232.9129,151074,100403.89,40717858.7914,0
258,1649721600000,394.23,416.71,392.24,413.45,166773.4,1649807999999,68009550.1471,127177,86258.41,35171657.5779,0
259,1649808000000,413.49,424.41,410.2,423.04,181297.97,1649894399999,75685234.2117,126415,93255.84,38925409.2449,0
260,1649894400000,423.06,426.72,411.3,414.63,98722.18,1649980799999,41231358.6524,93366,48957.57,20445530.2211,0
261,1649980800000,414.59,419.94,412.57,417.05,71668.68,1650067199999,29866737.0898,72957,37863.29,15780112.5663,0
262,1650067200000,417.09,418.89,411.69,417.07,54470.69,1650153599999,22604269.0103,52610,25103.52,10418200.6545,0
263,1650153600000,417.08,418.14,405.57,406.57,86223.2,1650239999999,35693188.2527,68210,40453.55,16752204.0303,0
264,1650240000000,406.56,417.85,396.18,416.66,150796.25,1650326399999,61275236.1978,129556,75928.85,30862482.8543,0
265,1650326400000,416.66,424.44,414.66,422.22,103655.16,1650412799999,43499042.037,117199,54305.17,22792516.8948,0
266,1650412800000,422.23,431.41,414.7,418.09,114637.11,1650499199999,48442398.7468,118840,57941.32,24489098.5818,0
267,1650499200000,418.13,426.06,401.0,404.79,143307.22,1650585599999,59782251.3301,127738,73147.18,30519144.6182,0
268,1650585600000,404.79,413.82,403.35,406.48,113557.7,1650671999999,46427760.8118,115497,58047.89,23732951.2403,0
269,1650672000000,406.49,407.96,396.75,400.91,78153.12,1650758399999,31573203.8031,73548,36618.89,14795903.4479,0
270,1650758400000,400.91,405.13,397.13,398.83,68922.33,1650844799999,27678495.8168,75883,34077.23,13685341.1345,0
271,1650844800000,398.82,405.53,381.93,404.01,167853.94,1650931199999,66039869.4578,151362,82089.46,32317139.0188,0
272,1650931200000,404.02,407.47,380.13,385.7,119275.95,1651017599999,46928186.7199,120624,60107.65,23640913.4104,0
273,1651017600000,385.66,394.67,383.15,391.17,103007.75,1651103999999,40141277.2805,109059,52259.95,20365753.5132,0
274,1651104000000,391.17,408.42,388.33,406.87,162926.91,1651190399999,65382343.0024,162300,82289.71,33037848.9498,0
275,1651190400000,406.88,410.56,389.43,392.62,114800.59,1651276799999,45790088.318,140468,56139.69,22387531.2713,0
276,1651276800000,392.61,399.6,376.0,376.67,101125.69,1651363199999,39468466.6071,120319,49418.82,19301499.0144,0
277,1651363200000,376.66,391.13,374.98,389.68,105142.17,1651449599999,40396607.3362,143063,53661.23,20618508.366,0
278,1651449600000,389.66,392.35,381.8,389.2,96658.93,1651535999999,37495125.1253,124577,46421.54,18008892.113,0
279,1651536000000,389.23,391.99,379.52,383.41,75021.54,1651622399999,28963821.1874,92883,36509.67,14101618.7286,0
280,1651622400000,383.41,402.76,382.43,402.31,125932.04,1651708799999,49466546.9778,127791,63671.92,24994011.9629,0
281,1651708800000,402.32,413.85,370.32,378.09,265998.98,1651795199999,104219986.0162,237353,130252.86,51107123.5794,0
282,1651795200000,378.09,383.44,370.32,378.91,146876.67,1651881599999,55429690.605,148893,72876.71,27505490.2285,0
283,1651881600000,378.88,380.45,359.87,365.14,108506.35,1651967999999,40479212.1099,109201,51744.34,19313575.6131,0
284,1651968000000,365.14,366.81,349.04,355.59,161639.66,1652054399999,57747800.4048,144441,73068.94,26103868.0005,0
285,1652054400000,355.6,358.97,293.34,295.5,414066.39,1652140799999,133248778.4767,282823,198031.34,63670328.3297,0
286,1652140800000,295.49,332.38,288.32,318.83,488332.47,1652227199999,154699388.191,336369,243763.04,77226973.0642,0
287,1652227200000,318.79,322.57,259.79,270.35,711827.89,1652313599999,207330435.4106,510224,357670.7,104163658.0549,0
288,1652313600000,270.29,283.58,203.78,267.81,762722.74,1652399999999,192053056.5997,498613,386302.12,97070606.4076,0
289,1652400000000,267.85,313.0,264.28,289.9,493864.43,1652486399999,147881748.7465,373887,247761.44,74188617.0925,0
290,1652486400000,289.89,298.77,271.25,296.39,323682.6,1652572799999,92210695.7314,248133,164650.89,46943571.1348,0
291,1652572800000,296.36,312.59,284.78,311.74,288988.51,1652659199999,86101131.601,201539,140214.69,41810737.5973,0
292,1652659200000,311.74,311.85,289.69,296.6,366933.0,1652745599999,109187378.2231,246530,179306.53,53353509.5335,0
293,1652745600000,296.6,310.4,295.39,305.64,279943.58,1652831999999,84904189.0541,189237,141293.35,42865676.7675,0
294,1652832000000,305.64,307.92,286.0,287.01,299320.01,1652918399999,88697600.05,205413,148949.55,44144758.9602,0
295,1652918400000,287.04,308.56,286.1,306.39,319533.3,1653004799999,95788357.0743,198207,167346.58,50184490.677,0
296,1653004800000,306.39,315.48,293.53,301.69,424417.55,1653091199999,129745855.0522,242481,217218.82,66418425.6685,0
297,1653091200000,301.69,313.67,298.6,311.75,225012.75,1653177599999,69126168.0725,134696,116979.9,35938594.1199,0
298,1653177600000,311.75,323.4,310.86,318.74,305511.19,1653263999999,96931303.6998,166965,155649.39,49389372.0982,0
299,1653264000000,318.74,336.6,314.71,316.57,509628.46,1653350399999,166693493.4084,273727,261567.14,85573475.4762,0
300,1653350400000,316.56,329.87,311.38,327.87,550892.33,1653436799999,177252368.531,303537,275663.41,88725541.5265,0
301,1653436800000,327.86,337.75,323.4,325.16,477060.17,1653523199999,156965924.6974,257948,237357.93,78102526.9772,0
302,1653523200000,325.13,331.42,295.2,302.34,782901.8,1653609599999,244783521.0514,424789,385129.88,120414961.3525,0
303,1653609600000,302.35,309.26,290.02,300.98,699209.36,1653695999999,209770773.601,454600,344359.19,103320502.2198,0
304,1653696000000,300.99,310.0,296.32,307.03,302094.33,1653782399999,91602988.3139,227762,149572.24,45359085.5814,0
305,1653782400000,307.03,307.69,298.1,305.37,302989.11,1653868799999,91740027.7238,217607,149552.57,45288482.0418,0
306,1653868800000,305.44,323.81,303.5,321.35,549405.74,1653955199999,173552609.3064,341331,275587.4,87059006.7596,0
307,1653955200000,321.33,324.55,313.13,320.61,340222.9,1654041599999,108690866.369,259411,164715.61,52634894.0489,0
308,1654041600000,320.61,324.2,297.21,300.02,438905.01,1654127999999,136178511.94,296547,209926.08,65144894.9174,0
309,1654128000000,300.05,308.87,297.76,308.03,294074.99,1654214399999,89055900.3412,192795,145425.89,44045814.5484,0
310,1654214400000,308.03,309.87,292.87,298.12,285154.18,1654300799999,85563039.1696,184495,135079.21,40535540.6169,0
311,1654300800000,298.12,302.61,294.24,301.02,192635.78,1654387199999,57599039.9795,113209,91545.82,27378054.8642,0
312,1654387200000,301.02,302.08,294.39,298.64,205980.2,1654473599999,61379342.8338,120026,98250.96,29279195.0346,0
313,1654473600000,298.64,311.92,286.68,294.6,498791.63,1654559999999,149726187.0127,277030,243428.32,73074193.4742,0
314,1654560000000,294.6,295.82,273.14,289.97,809181.58,1654646399999,229919113.1944,416948,401660.51,114131438.3923,0
315,1654646400000,289.94,294.0,283.61,288.03,356749.88,1654732799999,103317536.8378,217724,178083.41,51586696.9723,0
316,1654732800000,288.03,293.06,285.8,289.41,225787.28,1654819199999,65291332.1813,139987,111963.64,32378350.0983,0
317,1654819200000,289.4,298.49,282.64,285.87,498001.74,1654905599999,144006146.6592,281458,247044.12,71464886.1608,0
318,1654905600000,285.87,290.1,264.68,269.39,431369.45,1654991999999,119332337.6659,254413,210228.16,58179850.6934,0
319,1654992000000,269.39,271.49,250.5,254.26,569498.83,1655078399999,147655462.693,283389,284370.22,73721110.8617,0
320,1655078400000,254.29,257.42,212.94,222.46,1362645.37,1655164799999,312493904.1567,502706,686225.38,157310123.4055,0
321,1655164800000,222.48,230.87,203.55,222.69,947337.86,1655251199999,208309637.7979,364760,472315.68,103868933.9361,0
322,1655251200000,222.7,234.34,197.93,233.18,1208344.07,1655337599999,256965710.8344,494431,610524.8,129878097.6271,0
323,1655337600000,233.18,237.17,207.33,209.88,701151.52,1655423999999,154114306.2766,263275,344580.04,75721018.2629,0
324,1655424000000,209.9,221.64,207.43,215.38,505953.47,1655510399999,109154947.9816,189657,259086.13,55899520.688,0
325,1655510400000,215.38,218.61,182.6,196.4,997091.77,1655596799999,198423308.9362,339562,497774.31,98969960.3849,0
326,1655596800000,196.4,216.35,189.25,214.57,790024.6,1655683199999,160003581.7849,240124,409403.77,82860513.9207,0
327,1655683200000,214.56,219.06,204.24,216.17,571288.78,1655769599999,121220594.4645,201404,292373.93,62073905.1715,0
328,1655769600000,216.14,227.94,212.81,219.65,492491.61,1655855999999,108895317.5584,175230,250273.3,55337125.6031,0
329,1655856000000,219.68,220.44,210.78,213.88,455258.48,1655942399999,98118452.5543,167908,228459.66,49244596.7187,0
330,1655942400000,213.88,230.0,213.62,228.49,497871.01,1656028799999,111528319.3462,191067,255813.25,57311492.09,0
331,1656028800000,228.46,243.08,227.92,239.83,384528.76,1656115199999,90513696.0197,164266,193728.32,45604120.3785,0
332,1656115200000,239.84,241.74,229.27,239.24,299349.4,1656201599999,70849558.6587,126212,147487.57,34914504.227,0
333,1656201600000,239.31,244.98,232.96,233.61,277241.05,1656287999999,66198415.423,112700,135414.78,32334939.7254,0
334,1656288000000,233.6,240.64,229.81,233.39,291491.38,1656374399999,68505354.186,122602,143341.56,33694578.9087,0
335,1656374400000,233.41,242.23,225.45,226.53,411638.39,1656460799999,96714958.5555,161389,203086.72,47728971.5728,0
336,1656460800000,226.52,229.28,215.03,219.29,458329.41,1656547199999,101059614.5637,176777,226441.17,49916995.1752,0
337,1656547200000,219.33,219.87,205.15,219.15,490458.87,1656633599999,104130166.615,188873,245397.75,52097659.2494,0
338,1656633600000,219.15,226.36,213.04,216.43,542342.95,1656719999999,119192666.0037,213542,270959.51,59560046.6004,0
339,1656720000000,216.46,219.34,213.4,217.83,291986.09,1656806399999,63107010.7176,111799,148952.37,32198296.8095,0
340,1656806400000,217.86,219.69,213.8,218.75,236604.73,1656892799999,51386155.9484,95155,118086.16,25648969.772,0
341,1656892800000,218.75,231.81,214.41,231.15,346252.4,1656979199999,77195094.595,127528,183918.75,41018405.8272,0
342,1656979200000,231.11,236.13,222.46,230.37,454926.17,1657065599999,104252436.6673,154047,227584.64,52151090.7377,0
343,1657065600000,230.34,239.57,228.61,237.98,424734.64,1657151999999,99942669.2637,138326,222194.68,52284499.9426,0
344,1657152000000,237.97,243.47,235.0,241.09,302122.91,1657238399999,72261776.4273,103084,152871.79,36568700.5854,0
345,1657238400000,241.11,247.76,236.7,240.2,380055.06,1657324799999,91535242.6826,141002,191931.78,46242261.9781,0
346,1657324800000,240.26,244.76,240.25,242.97,159065.32,1657411199999,38590389.1257,71303,81708.27,19823787.173,0
347,1657411200000,242.98,243.14,231.46,234.33,249066.78,1657497599999,58650307.4483,95896,118826.88,27968007.6334,0
348,1657497600000,234.38,234.68,224.73,225.24,281947.59,1657583999999,64933321.4647,109151,139822.89,32212461.1145,0
349,1657584000000,225.24,227.93,219.73,220.17,292321.88,1657670399999,65439880.3496,107929,142677.33,31939290.9155,0
350,1657670400000,220.16,230.64,216.22,230.11,452078.67,1657756799999,100791164.7138,152840,222666.36,49649946.3184,0
351,1657756800000,230.11,239.83,226.94,238.28,356215.05,1657843199999,82952862.1999,123458,180894.07,42149357.9557,0
352,1657843200000,238.27,242.54,235.23,238.36,252929.0,1657929599999,60259688.4698,106597,124691.33,29711951.9768,0
353,1657929600000,238.36,251.47,233.69,249.65,260939.53,1658015999999,63283640.6208,105106,137395.58,33339076.5641,0
354,1658016000000,249.67,255.49,246.25,247.59,280911.08,1658102399999,70551452.1245,118165,144723.89,36347925.8429,0
355,1658102400000,247.59,265.57,247.46,263.89,386287.02,1658188799999,99969104.5838,165868,198008.17,51235339.7359,0
356,1658188800000,263.89,274.76,255.77,268.48,456209.27,1658275199999,120458335.0715,180695,226967.4,59949107.1833,0
357,1658275200000,268.48,271.9,256.32,258.17,350585.47,1658361599999,93255977.3436,142770,167837.36,44636548.6048,0
358,1658361600000,258.14,265.8,250.63,265.49,303685.66,1658447999999,78348995.848,127040,152718.31,39403261.8708,0
359,1658448000000,265.48,271.3,261.02,262.29,268616.99,1658534399999,71617774.7073,112159,134422.86,35847569.7525,0
360,1658534400000,262.29,272.51,252.47,258.97,272766.57,1658620799999,71165249.5767,128261,133342.73,34808619.8062,0
361,1658620800000,258.97,266.15,257.05,261.27,182688.32,1658707199999,47931640.2046,89903,94956.5,24909834.7767,0
362,1658707200000,261.26,262.56,244.04,244.48,235233.64,1658793599999,59787661.1289,116862,113679.52,28905769.2434,0
363,1658793600000,244.47,249.46,239.49,249.27,208722.93,1658879999999,50777356.8801,101493,105392.7,25651978.7626,0
364,1658880000000,249.3,272.0,247.41,271.58,382998.41,1658966399999,99615258.4807,163321,199327.3,51836385.7646,0
365,1658966400000,271.58,281.32,263.61,277.11,346022.87,1659052799999,94125909.6629,152662,174036.33,47342925.9773,0
366,1659052800000,277.17,302.42,274.8,293.78,582218.07,1659139199999,168719374.494,255813,295415.97,85610639.551,0
367,1659139200000,293.85,300.4,285.1,287.77,367800.99,1659225599999,107699460.1342,178527,178530.65,52274312.0581,0
368,1659225600000,287.77,297.15,282.15,283.5,266136.23,1659311999999,77400505.4587,139726,131938.6,38382286.8284,0
369,1659312000000,283.41,290.59,277.87,283.21,286332.39,1659398399999,81457971.2014,121825,139458.3,39684928.2303,0
370,1659398400000,283.22,291.14,274.15,283.71,333576.2,1659484799999,94042066.8703,149595,167760.42,47300102.0622,0
371,1659484800000,283.74,305.8,278.05,297.52,412764.69,1659571199999,121568114.1721,169032,205481.43,60535034.0194,0
372,1659571200000,297.55,313.45,297.22,311.69,500312.93,1659657599999,152500487.4781,211157,255456.26,77877735.9682,0
373,1659657600000,311.7,321.28,308.05,315.78,438196.89,1659743999999,138159904.0558,174933,217704.0,68643785.9208,0
374,1659744000000,315.76,322.83,312.76,315.19,254027.41,1659830399999,80539239.4481,119826,126825.53,40218782.0562,0
375,1659830400000,315.16,326.59,308.16,322.79,300573.41,1659916799999,95539087.2562,130968,153724.0,48909516.1465,0
376,1659916800000,322.75,333.89,321.0,324.73,368355.82,1660003199999,120574405.2144,157814,183121.12,59960246.9138,0
377,1660003200000,324.68,328.29,312.27,324.4,329147.14,1660089599999,105659993.0846,142768,161236.47,51766576.7201,0
378,1660089600000,324.39,336.92,313.57,328.69,541816.19,1660175999999,176171654.53,234542,268692.48,87419966.6633,0
379,1660176000000,328.74,334.63,322.0,323.46,323380.24,1660262399999,106520088.5461,144404,156697.65,51621933.7234,0
380,1660262400000,323.51,328.11,317.67,328.06,252391.83,1660348799999,81533144.9249,107688,126037.95,40727638.6853,0
381,1660348800000,328.05,332.94,322.56,324.12,229931.38,1660435199999,75395182.7814,104419,111363.54,36526590.8552,0
382,1660435200000,324.12,330.83,315.6,317.56,246429.23,1660521599999,79727335.692,111784,116823.63,37804251.3531,0
383,1660521600000,317.61,327.32,313.64,319.33,320958.73,1660607999999,102472174.0196,132292,160850.91,51362073.7629,0
384,1660608000000,319.31,322.18,311.8,315.88,258953.66,1660694399999,81930901.1559,109306,127616.38,40373308.781,0
385,1660694400000,315.92,323.97,303.38,306.75,352130.51,1660780799999,110123107.439,151938,165860.41,51880170.0668,0
386,1660780800000,306.76,310.39,295.6,298.04,272159.81,1660867199999,82882534.3712,114545,128739.88,39216522.4127,0
387,1660867200000,297.99,298.11,275.21,278.99,604531.62,1660953599999,172228988.8558,226224,294608.21,83902993.7059,0
388,1660953600000,278.98,288.97,276.61,283.41,368281.99,1661039999999,104704375.2831,165702,180603.2,51339984.7221,0
389,1661040000000,283.41,304.1,283.18,301.64,400397.17,1661126399999,118175483.0109,182282,204619.55,60385365.2213,0
390,1661126400000,301.62,304.66,288.62,299.78,447476.31,1661212799999,132537627.25,170174,225145.83,66695672.2668,0
391,1661212800000,299.78,301.44,293.56,299.09,281292.91,1661299199999,83729165.1542,130679,137125.63,40817073.3544,0
392,1661299200000,299.11,300.2,294.05,296.07,221349.14,1661385599999,65775698.3925,116626,111148.58,33030386.1131,0
393,1661385600000,296.07,308.0,295.64,301.04,246083.86,1661471999999,74255035.3646,122320,122063.15,36843112.8212,0
394,1661472000000,301.02,302.07,276.97,279.31,374342.92,1661558399999,109246155.191,177729,174934.66,51094599.7789,0
395,1661558400000,279.25,284.45,273.08,277.64,246873.43,1661644799999,69000580.5769,127818,123502.52,34527064.6127,0
396,1661644800000,277.69,283.75,275.36,276.2,215221.2,1661731199999,60048187.4022,115419,104725.26,29224244.8004,0
397,1661731200000,276.19,286.5,272.15,285.74,290551.98,1661817599999,81183906.4272,134031,149231.82,41706526.6434,0
398,1661817600000,285.71,291.82,276.52,281.43,352126.57,1661903999999,99988336.5406,135838,179730.99,51028740.6746,0
399,1661904000000,281.44,289.8,277.41,278.96,250571.93,1661990399999,71247625.5857,123525,125955.9,35828506.1898,0
400,1661990400000,278.95,280.11,270.45,278.08,345414.16,1662076799999,95211070.8612,151102,170475.13,46992836.8972,0
401,1662076800000,278.19,283.4,273.5,277.29,258874.01,1662163199999,72113097.8275,118644,128499.02,35793728.3139,0
402,1662163200000,277.26,278.56,274.02,277.66,135389.3,1662249599999,37435936.9809,66520,66132.75,18285560.2512,0
403,1662249600000,277.62,280.56,274.74,278.94,173002.9,1662335999999,48088194.869,75836,87415.39,24297910.3074,0
404,1662336000000,278.94,281.74,273.13,276.72,216999.48,1662422399999,59914295.8379,96268,109549.1,30248891.4523,0
405,1662422400000,276.73,286.27,260.77,262.27,569726.86,1662508799999,156321636.4943,215955,277994.86,76311466.8069,0
406,1662508800000,262.27,280.25,257.97,278.79,317261.37,1662595199999,85139930.6217,128943,159794.34,42892182.9221,0
407,1662595200000,278.9,282.86,275.35,280.41,314726.96,1662681599999,87821009.2917,129731,162043.79,45215799.7357,0
408,1662681600000,280.41,295.79,279.96,293.29,347670.26,1662767999999,100828302.853,158349,176709.92,51243877.8176,0
409,1662768000000,293.28,298.55,290.38,296.61,205845.36,1662854399999,60591232.7546,114946,104664.2,30811838.1504,0
410,1662854400000,296.6,297.9,289.65,295.26,193776.77,1662940799999,57057959.4368,94092,93886.36,27644890.9225,0
411,1662940800000,295.18,299.9,290.57,293.85,288457.69,1663027199999,85083330.3141,138861,146349.18,43169594.4374,0
412,1663027200000,293.85,298.63,275.26,277.24,427803.5,1663113599999,122315694.3744,205136,209155.01,59802739.561,0
413,1663113600000,277.23,282.61,273.27,279.2,245345.07,1663199999999,68407696.2838,123391,122708.69,34224567.1346,0
414,1663200000000,279.18,280.41,266.54,270.92,291757.46,1663286399999,79825011.8373,155683,137414.66,37612633.4827,0
415,1663286400000,270.93,276.32,268.32,274.81,241328.6,1663372799999,65973490.3094,130749,120572.85,32959311.8866,0
416,1663372800000,274.8,279.76,274.56,278.9,114167.25,1663459199999,31658804.2512,67320,58224.39,16145064.6334,0
417,1663459200000,278.89,280.0,262.34,266.18,231653.47,1663545599999,63236796.0514,124315,110688.76,30228421.2779,0
418,1663545600000,266.18,272.92,256.37,271.84,373829.95,1663631999999,98835333.0092,168825,181975.47,48132469.8809,0
419,1663632000000,271.84,273.57,265.01,266.19,222456.09,1663718399999,59796268.4832,113924,107662.54,28935924.1288,0
420,1663718400000,266.15,276.21,260.21,263.75,388985.73,1663804799999,104165978.6362,199727,193300.94,51773456.3844,0
421,1663804800000,263.75,276.5,263.29,275.14,246708.45,1663891199999,66329753.3958,130549,127643.5,34316041.9511,0
422,1663891200000,275.17,277.56,268.32,276.48,261424.12,1663977599999,71393701.7098,140790,133448.55,36441873.0238,0
423,1663977600000,276.49,284.98,274.09,274.35,277354.65,1664063999999,77652558.5821,137536,138969.59,38915532.8279,0
424,1664064000000,274.39,279.68,271.01,274.07,211352.22,1664150399999,58211891.6926,109050,103470.12,28498089.4078,0
425,1664150400000,274.03,276.68,270.67,276.0,227281.34,1664236799999,62250489.2773,123715,113255.29,31017456.2037,0
426,1664236800000,275.99,286.5,269.09,272.14,346007.69,1664323199999,96383597.8388,167389,171529.47,47840560.5249,0
427,1664323200000,272.12,283.54,266.28,281.34,305650.75,1664409599999,83897467.8202,154092,156509.94,42992816.9836,0
428,1664409600000,281.36,285.39,277.04,284.02,293995.04,1664495999999,82764355.3894,139358,150355.59,42333950.4688,0
429,1664496000000,284.04,289.69,280.37,284.69,376829.56,1664582399999,107373006.109,160694,192854.22,54963005.6844,0
430,1664582400000,284.68,285.28,277.57,282.8,160626.8,1664668799999,45291214.2437,78733,77729.17,21919229.5094,0
431,1664668800000,282.8,287.74,279.18,284.58,214507.37,1664755199999,60800515.4247,115818,110123.07,31219854.7268,0
432,1664755200000,284.59,288.99,283.06,286.85,235720.45,1664841599999,67479834.0849,131252,118088.72,33803058.4321,0
433,1664841600000,286.85,298.22,286.13,296.11,265951.97,1664927999999,77810794.1119,124952,137416.27,40210944.6695,0
434,1664928000000,296.11,296.24,289.27,294.01,199430.42,1665014399999,58392495.4,95458,98829.33,28934950.1999,0
435,1665014400000,294.01,297.8,278.35,286.89,473687.01,1665100799999,136183846.582,189011,233453.97,67110140.0407,0
436,1665100800000,286.86,286.86,279.26,282.2,406468.96,1665187199999,115300940.7675,154273,198114.68,56194200.5687,0
437,1665187200000,282.2,282.56,275.43,276.33,174003.17,1665273599999,48676525.6478,85423,78815.05,22051502.3917,0
438,1665273600000,276.33,279.39,275.11,278.27,147383.62,1665359999999,40897182.415,75320,71077.54,19721401.3016,0
439,1665360000000,278.26,279.17,271.32,271.59,205273.57,1665446399999,56383172.718,106577,98632.73,27092351.2457,0
440,1665446400000,271.59,273.81,267.03,271.37,220344.31,1665532799999,59659896.9208,111688,104902.28,28404163.4895,0
441,1665532800000,271.37,272.8,269.33,270.82,131879.4,1665619199999,35761325.2598,73827,62439.18,16932286.2926,0
442,1665619200000,270.82,273.6,256.14,271.4,479315.06,1665705599999,127095857.6085,220687,228552.47,60598092.1637,0
443,1665705600000,271.4,276.67,267.53,269.39,196509.55,1665791999999,53613366.4966,111905,94219.99,25708903.6234,0
444,1665792000000,269.36,271.24,267.31,268.0,106454.71,1665878399999,28720823.168,58708,50034.27,13499626.5809,0
445,1665878400000,267.99,273.7,267.77,272.28,108166.71,1665964799999,29298791.484,63593,54663.88,14807289.5365,0
446,1665964800000,272.29,275.73,269.76,275.49,122012.16,1666051199999,33344968.4308,72926,62006.76,16949233.0845,0
447,1666051200000,275.49,275.83,270.1,273.04,139735.18,1666137599999,38173120.0706,79002,66039.53,18037629.2724,0
448,1666137600000,273.04,273.82,270.21,271.8,109443.17,1666223999999,29764742.071,56957,53343.35,14506855.6181,0
449,1666224000000,271.81,273.28,267.18,268.84,160737.57,1666310399999,43506896.5711,70893,79681.07,21570124.9645,0
450,1666310400000,268.83,271.09,262.97,269.9,182327.89,1666396799999,48799257.9726,78146,88195.84,23610846.9033,0
451,1666396800000,269.9,271.0,268.23,270.29,61837.46,1666483199999,16672446.8414,32843,29577.2,7974171.9486,0
452,1666483200000,270.29,276.5,268.61,275.7,115843.2,1666569599999,31553077.2568,58116,61671.75,16804549.4187,0
453,1666569600000,275.73,277.32,271.46,274.12,114249.92,1666655999999,31280318.8082,57952,56951.45,15593679.8505,0
454,1666656000000,274.12,289.78,271.88,284.11,277817.72,1666742399999,78227983.5707,116926,145793.23,41044547.1431,0
455,1666742400000,284.11,291.96,284.1,290.07,201453.23,1666828799999,58073694.3813,97832,103651.98,29878603.0992,0
456,1666828800000,290.1,293.24,284.5,286.73,249091.45,1666915199999,71825673.6097,104224,125758.58,36271176.8433,0
457,1666915200000,286.73,301.09,285.61,297.92,330814.31,1667001599999,97022719.4523,120231,170007.18,49883494.6571,0
458,1667001600000,297.93,308.33,295.69,304.4,422847.51,1667087999999,128122442.4062,148929,215806.21,65385424.5222,0
459,1667088000000,304.41,318.96,302.19,313.43,454754.17,1667174399999,141706074.0603,159712,233942.48,72883937.0679,0
460,1667174400000,313.42,337.66,306.57,325.54,806721.28,1667260799999,262259262.1682,291722,403901.35,131263247.5364,0
461,1667260800000,325.55,333.95,317.11,323.64,426073.2,1667347199999,138488402.6766,146583,208923.76,67926795.2434,0
462,1667347200000,323.64,329.28,315.17,319.99,456465.38,1667433599999,146999487.0164,185821,225559.68,72641811.0726,0
463,1667433600000,319.98,338.48,317.85,329.25,493018.0,1667519999999,162536847.1992,192330,256203.51,84479078.7496,0
464,1667520000000,329.27,358.78,328.04,354.4,727074.07,1667606399999,252299456.7402,260732,376167.7,130482813.2415,0
465,1667606400000,354.41,360.99,346.07,348.97,349808.23,1667692799999,123751284.7207,131725,169911.61,60108878.3982,0
466,1667692800000,348.96,355.9,337.6,337.76,344056.12,1667779199999,120322010.0233,137682,171432.65,59960264.0566,0
467,1667779200000,337.72,344.19,326.4,336.75,662081.4,1667865599999,221788993.5981,249934,330670.77,110800156.2811,0
468,1667865600000,336.78,399.0,295.9,327.18,2276634.47,1667951999999,773743657.5641,1076463,1139585.7,387680523.096,0
469,1667952000000,327.13,332.67,259.46,266.4,1318016.98,1668038399999,392000379.0355,710951,643019.63,191331960.3882,0
470,1668038400000,266.42,311.35,262.17,302.88,1190687.18,1668124799999,340899440.7463,584502,611957.03,175006589.9692,0
471,1668124800000,302.86,304.68,277.73,289.26,697275.73,1668211199999,202853298.241,379914,345092.14,100378492.1219,0
472,1668211200000,289.37,292.41,270.61,282.18,469259.94,1668297599999,132511169.9318,247915,231477.59,65380920.4404,0
473,1668297600000,282.18,285.69,272.73,276.02,318735.82,1668383999999,88864670.8819,184356,155792.65,43443913.1892,0
474,1668384000000,276.02,291.5,267.28,278.53,643257.24,1668470399999,179152085.4136,352570,309197.32,86134862.801,0
475,1668470400000,278.51,282.0,272.8,276.49,334696.34,1668556799999,92880993.0212,185729,155656.97,43195756.3225,0
476,1668556800000,276.56,279.79,268.4,271.46,292857.51,1668643199999,79982648.7581,160316,133061.84,36358102.8928,0
477,1668643200000,271.54,273.0,262.94,267.77,280928.37,1668729599999,75219357.721,139690,131380.64,35187556.1763,0
478,1668729600000,267.79,274.3,267.47,273.48,216691.82,1668815999999,58925528.1178,101863,113350.83,30821108.4883,0
479,1668816000000,273.48,274.0,268.59,272.05,151212.18,1668902399999,41028704.8197,68493,74701.29,20266588.1723,0
480,1668902400000,272.02,273.51,261.25,263.75,228086.57,1668988799999,61207324.2973,105518,106523.52,28590767.6093,0
481,1668988800000,263.76,264.74,249.18,253.54,556755.33,1669075199999,143063662.2635,212515,267600.95,68759371.1869,0
482,1669075200000,253.55,267.33,251.74,266.16,348329.97,1669161599999,90457703.0706,146825,171523.85,44547418.0181,0
483,1669161600000,266.23,300.69,264.43,298.32,1077818.84,1669247999999,313577684.6611,396096,559008.52,162615876.2099,0
484,1669248000000,298.32,303.39,293.4,299.63,591154.19,1669334399999,176165305.1397,217020,293577.67,87504353.0115,0
485,1669334400000,299.63,306.0,293.64,300.36,536176.87,1669420799999,160145998.2764,183461,274563.39,82023157.2542,0
486,1669420800000,300.38,317.82,299.38,310.78,633100.01,1669507199999,197077901.5456,232832,323302.81,100628910.337,0
487,1669507200000,310.79,316.04,306.0,307.26,330652.57,1669593599999,103238465.1431,132597,167213.76,52221412.2845,0
488,1669593600000,307.26,309.03,283.55,293.03,775611.84,1669679999999,228438053.2056,277864,375174.66,110465834.7006,0
489,1669680000000,293.03,304.79,288.45,295.05,498795.3,1669766399999,148745436.6348,189787,251254.39,74943015.5925,0
490,1669766400000,295.09,305.0,292.0,300.2,608029.11,1669852799999,181923626.0518,223361,299851.58,89738574.6009,0
491,1669852800000,300.19,301.55,290.0,292.38,786559.15,1669939199999,232633417.52,265694,382647.79,113205166.254,0
492,1669939200000,292.38,293.92,285.54,293.49,378533.78,1670025599999,109722603.5807,164014,188580.59,54682187.5544,0
493,1670025600000,293.49,294.46,289.0,290.41,194520.55,1670111999999,56693588.7645,92642,92778.02,27043542.3678,0
494,1670112000000,290.41,292.8,287.58,291.95,177670.86,1670198399999,51651942.226,83729,86888.9,25261902.0045,0
495,1670198400000,291.94,297.49,286.1,288.49,293411.25,1670284799999,85901151.6366,138711,144659.85,42358716.3196,0
496,1670284800000,288.48,290.8,286.58,290.15,177339.3,1670371199999,51224809.5441,87328,86896.89,25100837.7604,0
497,1670371200000,290.16,291.0,280.07,284.05,234662.85,1670457599999,66786343.6906,117817,109604.6,31191244.515,0
498,1670457600000,284.05,291.89,282.4,290.36,234349.91,1670543999999,67252920.603,110234,121886.8,34996771.7559,0
499,1670544000000,290.36,291.99,284.61,285.99,201137.8,1670630399999,58108921.2492,103726,98891.84,28577363.725,0
500,1670630400000,285.99,289.83,285.7,288.08,109612.46,1670716799999,31514435.3246,57831,53468.34,15373714.4606,0
501,1670716800000,288.08,291.28,283.37,284.47,163633.08,1670803199999,47206268.8469,82119,78899.73,22765180.0967,0
502,1670803200000,284.46,285.7,271.58,276.27,663513.01,1670889599999,184090924.9951,266554,314273.17,87190705.1487,0
503,1670889600000,276.26,282.34,255.49,272.32,1663899.75,1670975999999,446819807.4913,564536,821624.55,220694047.5324,0
504,1670976000000,272.33,278.63,265.0,267.72,730430.76,1671062399999,198683023.875,259774,355754.82,96790026.7557,0
505,1671062400000,267.72,268.15,256.34,259.02,505456.14,1671148799999,132829235.5013,168227,246942.17,64893548.013,0
506,1671148800000,259.01,264.76,222.1,230.79,1298789.06,1671235199999,317944058.8604,409323,616617.26,151017480.6752,0
507,1671235200000,230.82,246.2,219.11,241.85,1235016.7,1671321599999,287351118.0728,369200,629784.64,146637679.7812,0
508,1671321600000,241.84,254.45,239.07,250.9,1038687.59,1671407999999,256787628.201,297813,520171.49,128614108.6142,0
509,1671408000000,250.9,253.0,236.12,240.33,831570.52,1671494399999,204548231.1682,258809,418743.95,103011533.0344,0
510,1671494400000,240.33,253.33,239.07,251.2,690180.15,1671580799999,171375399.4761,193544,360680.56,89553669.68,0
511,1671580800000,251.2,251.44,245.24,246.13,345741.15,1671667199999,85843231.3714,104173,170753.25,42397673.6898,0
512,1671667200000,246.1,248.19,240.03,245.73,481710.12,1671753599999,117594101.7564,132933,232588.39,56791718.1275,0
513,1671753600000,245.73,248.72,243.73,246.02,312212.4,1671839999999,76791954.0206,83942,153848.04,37840138.8653,0
514,1671840000000,246.02,246.11,243.26,244.37,143048.01,1671926399999,34991269.7976,43313,68695.01,16802416.5495,0
515,1671926400000,244.36,245.71,241.13,243.01,232975.55,1672012799999,56713645.8381,63819,113381.29,27600165.6185,0
516,1672012800000,243.0,244.79,242.2,243.2,89759.86,1672099199999,21846891.1224,28636,45220.09,11006655.8981,0
